candidate_id	sequence	mutations_from_v2.5_Hit2	mutation_positions	ESM2_score	topology_masking_pass	family_core_pass	motif_pass	geometry_pass	cluster_id	nearest_panel_neighbor	nearest_natural_neighbor
CAND_001	MHKSLVFIALLSSFTVLSAQASPLQSVQKLDVVVKAVVVDGVEGHIFAPQSFVMNLLEHDSVVKQGDVVKVEMPQTGLTFSDVANVYDSLKLGVHRVQVVGDHSLFANVSNFSYVGVQDSKAILSVQGASVSSVGSITVVAQSFRGVKANQLPVFVDRLDSASPFLSHYFPDPSVLDQELVKGVSVGMTMHAELSPQERSAMFAAIRDVVGDSKVDQVFVVKNEQFESVPEKLDVTVPVASQDHVWSMTFAPQSFVMNLLEHDSVVKQGDVVKVEMPQTGLTFSDVANVYDSLKLGVHRVQVV	4	Y2H,L12S,G32V,E209V	96.38	True	True	True	True	1	CAND_012 (d=4)	0.2706
CAND_002	MYKSLVFIALLLSFTVLSAQASPLQSVQKLDGVVKAVVVDGVEGHIFAPQSFVMNLLEHDSVVKQGDVVKVEMPQTGLTFSDVANVYDSLKLGVHRVQVVGDHSLFANVSNFSYVGVQDSKAILSVQGASVSSVGSITVVAQSFRGVKANQLPVFVDRLDSASPFLSHYFPDPSVLDQELVKGVSVGMTMHAELSPQERSAMFAAIRDELGDSKVDQVFVVKNEQFESVPEKLDGTVPVAVQDHVWSMTFAPQSFVMNLLEHDSVVKQGDVVKVEMPQTGLTFSDVANVYDSLKLGVHRVQVV	3	V210L,V235G,S241V	96.37	True	True	True	True	2	CAND_017 (d=3)	0.2673
CAND_003	MYKSLVFIALLLSFTVLSAQASPLQSVQKLDGVVKAVVVDGVEGMIFAPQSFVMNLLEHDSVVKQGDVVKVEMPQTGLTFSDVANVYDSLKLGVHRVQVVGDHSLFANVSNFSYVGVQDSKAIGSVQGASVSSVGSITVVAQSFRGVKANQLPVFVDRLDSASPFLSHYFPDPSVLDQELVKGVSVGMTMHAELSPQERSAMFAAIRDEVGDSKVDQVFVVKNEQFESVPEKLDVTVPVASQDHVESMTFAPQSFVMNLLEHDSVVKQGDVVKVEMPQTGLTFSDVANVYDSLKLGVHRVQVV	3	H45M,L124G,W246E	96.34	True	True	True	True	3	CAND_019 (d=3)	0.2706
CAND_004	MYKSLVFIALLLSFPVLSAQASPLQSVQKLDGVVKAVVVDGVEGHIFAPQSFVMNLLEHDSVVKQGDVVKVEMPQTGLTFSDVANVYDSLKLGVHRVQVVGDHSLFKNVSNFSYVGVQDSKAILSVQGASVSSVGSITVVAQSFRGVKANQLPVFVDRLDSASPFLSHYFPDPSVLDQELVKGVSVGMTMHAELSPQERSAMFAAIRSFVGDSKVDQVFVVKNEQFESVPEKLDVTVPVASQDHVWSMTFAPQSFVMNLLEHDSVVKQGDVVKVEMPQTGLTFSDVANVYDSLKLGVHRVQVV	4	T15P,A107K,D208S,E209F	96.15	True	True	True	True	4	CAND_009 (d=4)	0.2706
CAND_005	MYKSLVFIALLLSFNVLSAQASPLQSVQKLDGVVKAVVVDGVEGHIFAPQSFVMNLLEHDSVVKQGDVVKVEMPQTGLTFSDVANVYDSLKLGVHRVQVVGDSSLFANVSNFSYVGVQDSKAILSVQGASVSSVGSITVVAQSFEGVKANQLPVFVDRLDSASPFLSHYFPDPSVLDQELVKGVSVGMTMHAELSPQERSAMFAAIRDEVGDSKVDQVFVVKNEQFESVPEKLDVTVWVASQDHVWSMTFAPQSFVMNLLEHDSVVKQGDVVKVEMPQTGLTFSDVANVYDSLKLGVHRVQVV	4	T15N,H103S,R145E,P238W	96.14	True	True	True	True	5	CAND_024 (d=4)	0.2706
CAND_006	MYKSLKFIALLLSFTVLSAQASPLQSVQKLDGVVKAVVVDGVEGHIFAPQSFVMNLLEHDSVVKQGDVVKVEMPQTGLTFSDVANVYDSLKLGVHRVQVVGDHSLFANVSNFSYVGVQDSKAILSVQGASVSSVGSITVVAQSFRGVKANQLPVFVDRLDSASPFLSHYFPDPSVLDQELVKGVSVGMTMHAELSPQERSAMFAAIRDEVGDSKVDQVFVVKNEQFESVPEKLDVTVPVASQDHVLSMTFAPQSFVMNLLEHDSVVKQGDVVKVEMPQTGLTFSDVANVYDSLKLGVHRVQVV	2	V6K,W246L	96.13	True	True	True	True	2	CAND_007 (d=3)	0.2673
CAND_007	MYKSLSFIALLLSFTVLSAQASPLQSVQKLDGVVKAVVVDGVEGHIFAPQSFVMNLLEHDSVVKQGDVVKVEMPQTGLTFSDVANVYDSLKLGVHRVQVVGDHSLFANVSNFSYVGVQDSKAILSVQGASVSSVGSITVVAQSFRGVKANQLPVFVDRLDSASPFLSHYFPDPSVLDQELVKGVSVGMTMHAELSPQERSAMFAAIRDKVGDSKVDQVFVVKNEQFESVPEKLDVTVPVASQDHVWSMTFAPQSFVMNLLEHDSVVKQGDVVKVEMPQTGLTFSDVANVYDSLKLGVHRVQVV	2	V6S,E209K	96.12	True	True	True	True	1	CAND_006 (d=3)	0.2706
CAND_008	MYKSLVNIALLLSFTVLSAQASPLQSVQKLDGVVKAVVVDGVEGHIFAPQSFVMNLLEHDSVVKQGDVVKVEMPQTGLTFSDVANVYDSLKLGVHRVQVVGDHSLFANVSNFSYVGVQDSKAILSVQGASVSSVGSITVVAQSFEGVKANQLPVFVDRLDSVSPFLSHYFPDPSVLDQELVKGVSVGMTMHAELSPQERSAMFAAIRDEVGDSKVDQVFVVKNEQFESVPEKLDVTVPVASQDHVWSMTFAPQSFVMNLLEHDSVVKQGDVVKVEMPQTGLTFSDVANVYDSLKLGVHRVQVV	3	F7N,R145E,A162V	96.11	True	True	True	True	5	CAND_024 (d=3)	0.2607
CAND_009	MYKSLVFIALLLSFPVLSAQASPLQSVQKLDGVVKAVVVDGVEGHIFAPQSFVMNLLEHDSVVKQGDVVKVEMPQTGLTFSDVANVYDSLKLGVHRVQVVGDHSLFANVSNFSYVGVQDSKAILSVQGASVSSVGSITVVAQSFRGVKANQLPVFVDRLDSASPFLSHYFPDPSVLDQELVKGVSVGMTMHAELSPQERSAMFAAIRDEVGDSKVDQVFVVKNEQFESVPEKLDVTVPVAMQDHVWSMTFAPQSFVMNLLEHDSVVKQGDVVKVEMPQTGLTFSDVANVYDSLKLGVHRVQVV	2	T15P,S241M	96.11	True	True	True	True	2	CAND_013 (d=3)	0.2706
CAND_010	MYKSLVFIALLLSFTVLSAQASPLQSPQKLDGVVKAVVVDGVEGHIFAPQSFVMNLLEHDSVVKQGDVVKVEMPQTGLTFSDVANVYDSLKLGVHRVQVVGDHSLFANVSNFSYVGVQDSKAILSVQGASVSSVGSITVVAQSFRGVKANQLPVFVDRLDSASPFLSHYFPDPSVLDQELVKGVSVGMTMHAELSPQERSAMFAAIRDEVGDSKVDQVFVVKNEQFESVPEKLDVTVPVASIDHVWSMTFAPQSFVMNLLEHDSVVKQGDVVKVEMPQTGLTFSDVANVYDSLKLGVHRVQVV	2	V27P,Q242I	96.09	True	True	True	True	2	CAND_026 (d=3)	0.2739
CAND_011	MYKSAVFGALLLSFTVLSAQAEPLQSVQKLDGVVKAVVVDGVEGHIFAPQSFVMNLLEHDSVVKQGDVVKVEMPQTGLTFSDVANVYDSLKLGVHRVQVVGDHSLFANVSNFSYVGVQDSKAILSVQGASVSSVGSITVVAQSFRGVKANQLPVFVDRLDSASPFLSHYFPDPSVLDQELVKGVSVGMTMHAELSPQERSAMFAAIRDEVGDSKVDQVFVVKNEQFESVPEKLDVTVPVASQDHVWSMTFAPQSFVMNLLEHDSVVKQGDVVKVEMPQTGLTFSDVANVYDSLKLGVHRVQVV	3	L5A,I8G,S22E	96.08	True	True	True	True	6	CAND_035 (d=3)	0.2640
CAND_012	MYKSLVFIALLLSFTVLSAQASPLQSVQKLDGVVKAVVVDGVEGHIFAPQSFVMNLLEHDSVVKQGDVVKVEMPQTGLTFSDVANVYDSLKLGVHRVQVVGDHSLFANVSNFSYVGVQDSKAILSVQGASVSSVGSITVVAQSFRGVKANQLPVFVDRLDSASPFLSHYFPDPSVLDQELVKGVSVGMTMHAELSPQERSAMFAAIRDVVGDSKVDQVFVVKNEQFESVPEKLDVTVKVASQDHVWSMTFAPQSFVMNLLEHDSVVKQGDVVKVEMPQTGLTFSDVANVYDSLKLGVHRVQVV	2	E209V,P238K	96.07	True	True	True	True	1	CAND_007 (d=3)	0.2772
CAND_013	MYKSLVFIALLLSFPVLSAQASPLQSVQKLDGVVKAVVVDGVEGHIFAPQSFVMNLLEHDSVVKQGDVVKVEMPQTGLTFSDVANVYDSLKLGVHRVQVVGDHSLFANVSNFSYVGVQDSKAILSVQGASVSSVGSITVVAQSFRGVKANQLPVFVDRLDSASPFLSHYFPDPSVLDQELYKGVSVGMTMHAELSPQERSAMFAAIRDEVGDSKVDQVFVVKNEQFESVPEKLDVTVPVASQDHVTSMTFAPQSFVMNLLEHDSVVKQGDVVKVEMPQTGLTFSDVANVYDSLKLGVHRVQVV	3	T15P,V181Y,W246T	96.06	True	True	True	True	3	CAND_009 (d=3)	0.2706
CAND_014	MHKSLVFIPLLLSFTVLSAQASPLQSVQKLDGVVKAVVVDGVEGHIFAPQSFVMNLLEHDSVVKQGDVVKVEMPQTGLTFSDVANVYDSLKLGVHRVQVVGDHSLFANVSNFSYVGVQDSKAILSVQGASVSSVGSITVVAQSFRGVKAFQLPVFVDRLDSASPFLSHYFPDPSVLDQMLVKGVSVGMTMHAELSPQERSAMFAAIRDEVGDSKVDQVFVVKNEQFESVPEKLDVTVPVASQDHVWSMTFAPQSFVMNLLEHDSVVKQGDVVKVEMPQTGLTFSDVANVYDSLKLGVHRVQVV	4	Y2H,A9P,N150F,E179M	96.06	True	True	True	True	7	CAND_039 (d=3)	0.2706
CAND_015	MYKSLVFIALLLSFTVLSAQASPLQSVQKLDGVVKAVVVDGVEGHIFAPQSFVMNLLEHDSVVKQGDVVKVEMPQTGLTFSDVANVYDSLKLGVHRVQVVGDHSLFANVSNFSYVGVPDSKAILSVQGASVSSVGSITVVAQSFRGVKANQLPVFVDRLDSASPFLSHYFPDPSVLDQSLVKGVSVGMTMHAELSPQERSAMFAAIRDLVGDSKVDQVFVVKNEQFESVPEKLDVTVPVASQDHVWSMTFAPQSFVMNLLEHDSVVKQGDVVKVEMPQTGLTFSDVANVYDSLKLGVHRVQVV	3	Q118P,E179S,E209L	96.06	True	True	True	True	8	CAND_056 (d=3)	0.2673
CAND_016	MYKSLVFIALLLSFTVLSAQDSPLQSVQKLDGVVKAVVVDGVEGHIFAPQSFVMNLLEHDSVVKQGDVVKVEMPQTGLTFSDVANVYDSLKLGVHRVQVVGDHSLFANVSNFSYVGVQDSKAILSVQGASVSSVGSITVVAQSFRGVKANQLPVFVDRLDSASPFLSHYFPDPSVLDQELVKGVSVGMTMHAELSPQERSAMFAAIRDEVGDSKVDQVFVVKNEQFESVPIKLDVTVPVASQDHVLSMTFAPQSFVMNLLEHDSVVKQGDVVKVEMPQTGLTFSDVANVYDSLKLGVHRVQVV	3	A21D,E231I,W246L	96.05	True	True	True	True	3	CAND_006 (d=3)	0.2706
CAND_017	MYKSLVFIALLLPFTVLSAQASPLQSVQKLDGVVKAVVVDGVEGHIFAPQSFVMNLLEHDSVVKQGDVVKVEMPQTGLTFSDVANVYDSLKLGVHRVQVVGDHSLFANVSNFSYVGVQDSKAILSVQGASVSSVGSITVVAQSFRGVKANQLPVFVDRLDSASPFLSHYFPDPSVLDQELVKGVSVGMTMHAELSPQERSAMFAAIRDEVGDSKVDQVFVVKNEQFESVPEKLDGTVPVASQDHVWSMTFAPQSFVMNLLEHDSVVKQGDVVKVEMPQTGLTFSDVANVYDSLKLGVHRVQVV	2	S13P,V235G	96.04	True	True	True	True	2	CAND_002 (d=3)	0.2607
CAND_018	MYKSLVFIALLLSFTVLSAQASPLQSVQKLDGVVKAVVVDGVEGHIFAPQSFVMNLLEHDSVVKQGDVVKVEMPQTGLTFSDVANVYDSLKLGVHRVQVVGDHSLFANVSNFSYVGVQDSKAILSVQGASVSSVGSITVPAQSFDGVKANQLPVFVDRLDSASPFLSHYFPDPSVLDQELVKGVSVGMTMHAELSPQERSAMFAAIRDEVGDSKVDQVFVVKNNQFESVPEKLDVTVPVASQDHVWSMTFAPQSFVMNLLEHDSVVKQGDVVKVEMPQTGLTFSDVANVYDSLKLGVHRVQVV	3	V140P,R145D,E224N	96.03	True	True	True	True	9	CAND_055 (d=3)	0.2706
CAND_019	MYKSLVFIALLLSFTVLSAQASPLQSVQKLDGVVKAVVVDGVEGHIFAPQSFVMNLLEHDSVVKQGDVVKVEMPQTGLTFSDVANVYDSLKLGVHRVQVVGDHSLFANVSNFSYVGVQDSKAIGSVQGKSVSSVGSITVVGQSFRGVKANQLPVFVDRLDSASPFLSHYFPDPSVLDQELVKGVSVGMTMHAELSPQERSAMFAAIRDEVGDSKVDQVFVVKNEQFESVPEKLDVTVPVASQDHVESMTFAPQSFVMNLLEHDSVVKQGDVVKVEMPQTGLTFSDVANVYDSLKLGVHRVQVV	4	L124G,A129K,A141G,W246E	96.03	True	True	True	True	3	CAND_003 (d=3)	0.2673
CAND_020	MYKSLVFIALLLSFPVLSAQASPLQSVQKLDGVVKAVVVDGVEGHIFAPQSFVMNLLEHDSVVKQGDVVKVEMPQTGLTFSDVANVYDSLKLGVHRVQVVGDHSLFANVSNFSYVGVQDSKAILSVQGASVSSVGSITVVAQSLREVKANQLPVFVDRLDSASPFLSHYFPDPSVLDQELVKGVSVGMTMHAELSPQERSAMFAAIRDEVGDSKVDQVFVVKNEQFESVPEKLDVTVPVASQDHVWSMTFAPQSFVMNLLEHDSVVKQGDVVKVEMPQTGLTFSDVANVYDSLKLGVHRVQVV	3	T15P,F144L,G146E	96.03	True	True	True	True	4	CAND_009 (d=3)	0.2673
CAND_021	MYKSLVFIALLGSFTVLSAQASPLQSVQKLDGVVKAVVVDGVEGHIFAPQSFVMNLLEHDSVVKQGDVVKVEMPQTGLTFSDVANVYDSLKLGVHRVQVVGDHSLFANVSNFSYVGVQDSKAILSVQGASVSSVGSITVVAQSFRGVKANQLPVFVDRLDFASPFLSHYFPDPSVLDQELVKGVSVGMTMHAELSPQERSAMFAAIRDVVGDSKVDQVFVVKNEQFESVPEKLDVTVPVASQDHVWSMTFAPQSFVMNLLEHDSVVKQGDVVKVEMPQTGLTFSDVANVYDSLKLGVHRVQVV	3	L12G,S161F,E209V	96.03	True	True	True	True	1	CAND_012 (d=3)	0.2640
CAND_022	MYKSLVFIALTLSFTVLSAQASPLQSVQKLDGVVKAVVVDGVEGHIFAPQSFVMNLLEHDSVVKQGDVVKVEMPQTGLTFSDVANVYDSLKLGVHRVQVVGDESLFANVSNFSYVGVQDSKAILSVQGASVSSVGSITVVAQSFRGVKANQLPVFVDRLDSASPFLSHYFPDPSVLDQELVKGVSVGMVMNAELSPQERSAMFAAIRDEVGDSKVDQVFVVKNEQFESVPEKLDVTVPVASQDHVWSMTFAPQSFVMNLLEHDSVVKQGDVVKVEMPQTGLTFSDVANVYDSLKLGVHRVQVV	4	L11T,H103E,T189V,H191N	96.03	True	True	True	True	10	CAND_045 (d=3)	0.2706
CAND_023	MYKSLVFIALLLSFTVLSAQASPLQSVQKLDGVVKAVVVDGVEGHIFAPQSFVMNLLEHDSVVKQGDVVKVEMPQTGLTFSDVANVYDSLKLGVHRVQVVGDHSLFANVSNFSYVGVQDSKAILSVQGASVSSVGSITVVAQSFRGVKANQLPVFVDRLDSASPFLSHYFPDPSVLDQELVKGVSVGMTMHAELSPQERSAMFAAIRDEVGDSKVDQVFVVKNEQFESVPEKLDVTVLVASQDHDGSMTFAPQSFVMNLLEHDSVVKQGDVVKVEMPQTGLTFSDVANVYDSLKLGVHRVQVV	3	P238L,V245D,W246G	96.02	True	True	True	True	3	CAND_047 (d=3)	0.2706
CAND_024	MYKSLVFIALLLSFTVLSAQASPLQSVQKLDGVVKAVVVDGVEGHIFAPQSFVMNLLEHDSVVKQGDVVKVEMPQTGLTFSDVANVYDSLKLGVHRVQVVGDHSLFANVSNFSYVGVQDSKAILSVQGASVSSVGSATVVAQSFEGVKANQLPVFVDRLDSASPFLSHYFPDPSVLDQELVKGVSVGMTMHAELSPQERSAMFAAIRDEVGDSKVDQVFVVKNEQFESVPEKLDVTVPVASQDHVWSMTFAPQSFVMNLLEHDSVVKQGDVVKVEMPQTGLTFSDVANVYDSLKLGVHRVQVV	2	I137A,R145E	96.02	True	True	True	True	2	CAND_008 (d=3)	0.2673
CAND_025	MYKSLHFIALLLSFTVLSAQASPLQSVQKLDGVVKAVVVDGVEGHIFAPQSFVMNLLEHDSVVKQGDVVKVEMPQTGLTFSDVANVYDSLKLGVHRVQVVGDHSLFANVSNFSYVGVQDSKAILSVQGASVSSVGSITVVAQSFAGVKANQLPVFVDRLDSASPFLSHYFPDPSVLDQELVKGVSVGMTMHAELSPQERSAMFAAIRDEVGDSKVDQVFVVKNEQFESVPEKLDVTVPVASQDHVWSMTFAPQSFVMNLLEHDSVVKQGDVVKVEMPQTGLTFSDVANVYDSLKLGVHRVQVV	2	V6H,R145A	96.02	True	True	True	True	2	CAND_006 (d=3)	0.2673
CAND_026	MYKSLQFIALLLSFTVLSAQASPLQSVQKLDGVVKAVVVDGVEGHIFAPQSFVMNLLEHDSVVKQGDVVKVEMPQTGLTFSDVANVYDSLKLGVHRVQVVGDHSLFANVSNFSYVGVQDSKAILSVQGASVSSVGSITVVAQSFRGVKANQLPVFVDRLDSASPFLSHYFPDPSVLDQELVKGVSVGMTMHAELSPQERSAMFAAIRDEVGDSKVDQVFVVKNEQFESVPEKLDVTVPVASADHVWSMTFAPQSFVMNLLEHDSVVKQGDVVKVEMPQTGLTFSDVANVYDSLKLGVHRVQVV	2	V6Q,Q242A	96.01	True	True	True	True	2	CAND_006 (d=3)	0.2706
CAND_027	MYKSLVFIALLLSFTVLSAQASPLQSVQKLDGVVKAVVVDGVEGHIFAPQSFVMNLLEHDSVVKQGDVVKVEMPQTGLTFSDVANVYDSLKLGVHRVQVVGDHSLFANVSNFSYVGVQDSKAILSVQGASVSSVGSITSVAQSFRGVKANQLPVFVDRLDSASPFLSHYFPDPSVLDQELVKGVSVGMTMHAELSPQERSAMFAAIRDFVGDSKVDQVFVVKNEQFESVPEKLDVTVPVASQDHVWSMTFAPQSFVMNLLEHDSVVKQGDVVKVEMPQTGLTFSDVANVYDSLKLGVHRVQVV	2	V139S,E209F	96.01	True	True	True	True	1	CAND_007 (d=3)	0.2739
CAND_028	MYKSLVFIALLLSFTVLSAQASPLQSVQKLDGVVKAVVVDGVEGHIFAPQSFVMNLLEHDSVVKQGDVVKVEMPQTGLTFSDVANVYDSLKLGVHRVQVVGDHSLFANVSNFSYVGVQDSKAILSVQGASVSSVGSITVVAQSFRGVKANQLPVFVDRLDSASPFLSHLFPDPSVLDQELVKGVSVGMTMHAELSPQERSAMFAAIRDEVGDSKVDQVFVVKNEHFESVPEKLDVTVPVASQDHVLSMTFAPQSFVMNLLEHDSVVKQGDVVKVEMPQTGLTFSDVANVYDSLKLGVHRVQVV	3	Y169L,Q225H,W246L	96.01	True	True	True	True	3	CAND_006 (d=3)	0.2673
CAND_029	MYKSLVFIALLLSFPVLSAQASPLQSVQKLDGVVKAVVVDGVEGHIFAPQSFVMNLLEHDSVVKQGDVVKVEMPQTGLTFSDVANVYDSLKLGVHRVQVVGDHSLFANVSNFSYVGVQDSKSILSVQGASVSSVGSITVVAQSFRGVKANQLPVFVDRLDSASPFLSHYFPDPSVLDQELVKGVSVGMTMHAALSPQERSAMFAAIRDEVGDSKVDQVFVVKNEQFESVPEKLDVTVPVASQDHVWSMTFAPQSFVMNLLEHDSVVKQGDVVKVEMPQTGLTFSDVANVYDSLKLGVHRVQVV	3	T15P,A122S,E193A	96.00	True	True	True	True	4	CAND_009 (d=3)	0.2673
CAND_030	MYKSLVFIALLLSFTVLSAQASPLQSVQKLDGVVKAVVVDGVEGHIFAPQSFVMNLLEHDSVVKQGDVVKVEMPQTGLTFSDVANVYDSLKLGVHRVQVVGDHSLFANVSNFSYVGVQDSKAIGSVQGASVSSVGSITVVAQSFRGVKANQLPVFVDRLDSASPFLGHYFADPSVLDQELVKGVSVGMTMHAELSPQERSAMFAAIRDEVGDSKVDQVFVVKNEQFESVPEKLDVTVPVASQDHVESMTFAPQSFVMNLLEHDSVVKQGDVVKVEMPQTGLTFSDVANVYDSLKLGVHRVQVV	4	L124G,S167G,P171A,W246E	96.00	True	True	True	True	3	CAND_003 (d=3)	0.2706
CAND_031	MYKSLVFIALLLSFTVLSAQASPLQSVQKLDGVVKAVVVDGVEGHRFAPQSFVMNLLEHDSVVKQGDVVKVEMPQTGLTFSDVANVYDSLKLGVHRVQVVGDHSLFANVSNFSYVGVQDSKAILSVQGASSSSVGSITVVAQSFRGVKANQLPVFVDRLDSASPFLSHYFPDPSVLDQELVKGVSVGMTMHAELSPQERSAMFAAIRDRVGDSKVDQVFVVKNEQFESVPEKLDVTVQVASQDHVWSMTFAPQSFVMNLLEHDSVVKQGDVVKVEMPQTGLTFSDVANVYDSLKLGVHRVQVV	4	I46R,V131S,E209R,P238Q	96.00	True	True	True	True	11	CAND_058 (d=3)	0.2739
CAND_032	MYKSAVFGALLLSFTVLSAQATPLQSVQKLDGVVKAVVVDGVEGHIFAPQSFVMNLLEHDSVVKQGDVVKVEMPQTGLTFSDVANVYDSLKLGVHRVQVVGDHSLFANVSNFDYVGVQDSKAIMSVQGASVSSVGSITVVAQSFRGVKANQLPVFVDRLDSASPFLSHYFPDPSVLDQELVKGVSVGMTMHAELSPQERSAMFAAIRDEVGDSKVDQVFVVKNEQFESVPEKLDVTVPVASQDHVTSMTFAPQSFVMNLLEHDSVVKQGDVVKVEMPQTGLTFSDVANVYDSLKLGVHRVQVV	6	L5A,I8G,S22T,S113D,L124M,W246T	95.99	True	True	True	True	6	CAND_011 (d=4)	0.2640
CAND_033	MYKSLVFIALLLSFTVLSAQASPLQSVQKLDGVVKAVVVDGVEGHIFAPQSFVMNLLEHDSVVKQGDVVKVEMPQTGLTFSDVANVYDSLKLGVHRVQVVGDHSLFANVSNFSYVGVQDSKAILSVQGASVSSVGSITVGAQSFRGVKANQLPVFVDRLDSASPFLSHYFPDPSVLDQELVKGVSVGMTMHAELSPQERSAMFAAIRDEVGDSKVDQVFVVKNEQFESVPEKLTVTVPVASQDHVWSMTFAPQSFVMNLLEHDSVVKQGDVVKVEMPQTGLTFSDVANVYDSLKLGVHRVQVV	2	V140G,D234T	95.99	True	True	True	True	2	CAND_063 (d=3)	0.2739
CAND_034	MYKSLVFIALLLSFTVLSAQASPLQSPQKLDGVVKAVVVDGVEGHIFAPQSFVMNLLEHDSVVKQGDVVKVEMPQTGLTFSDVANVYDSLKLGVHRVQVVGDHSLFANVSNFSYVGVQDSKAILSVQGASVSSVGSITVVAQSQRGVKANQLPVFVDRLDSASPFLSHYFPDPSVLDQELVKGVSVGMTMHAELSPQERSAMFAAIRDEVGDSKVDQVFVVKNEQFESVPEKLDVTVQVASQDHVWSMTFAPQSFVMNLLEHDSVVKQGDVVKVEMPQTGLTFSDVANVYDSLKLGVHRVQVV	3	V27P,F144Q,P238Q	95.99	True	True	True	True	11	CAND_010 (d=3)	0.2739
CAND_035	MYKSAVFGALLLSFTVLSAQATPLQSVQKLDGVVKAVVVDGVEGHIFAPQSFVMNLLEHDSVVKQGDVVKVEMPQTGLTFSDVANVYDSLKLGVHRVQVVGDHSLFANVSNFSYVGVQDSKAILSVQGASVSSVGSITVVAQSFRGEKANQLPVFVDRLDSASPFLSHYFPDPSVLDQELVKGVSVGMTMHAELSPQERSAMFAAIRDEVGDSKVDQVFVVKNEQFESVPEKLDVTVPVASQDHVWSVTFAPQSFVMNLLEHDSVVKQGDVVKVEMPQTGLTFSDVANVYDSLKLGVHRVQVV	5	L5A,I8G,S22T,V147E,M248V	95.99	True	True	True	True	6	CAND_011 (d=3)	0.2640
CAND_036	MYKSLVFIALLLSFTVLSAQASPLQSVQKLDGVVKAVDVDGVEGHIFAPQSFVMNLLEHDSVVKQGDVVKVEMPQTGLTFSDVANVYDSLKLGVHRVQVVGDHSLFANVSNFSYVGVQDSKAIGSVQGASVSSVGSITVVAQSFRMVKANQLPVFVDRLDSASPFLSHYFPDPSVLDQELVKGVSVGMTMHAELSPQERSAMFAAIRDEVGDSKVDQVFVVKNEQFESVPEKLDVTVPVASQDHVESMTFAPQSFVMNLLEHDSVVKQGDVVKVEMPQTGLTFSDVANVYDSLKLGVHRVQVV	4	V38D,L124G,G146M,W246E	95.99	True	True	True	True	3	CAND_003 (d=3)	0.2739
CAND_037	MRKSLVFIALLLSFTVLSAQASPLQSVQKLDGVVKAVVVDGVEGHIFAPQSFVMNLLEHDSVVKQGDVVKVEMPQTGLTFSDVANVYDSLKLGVHRVQVVGDHSLFANVSNFSYVGVQDSKAILSVQGASVSSVGSITVVAQSFRGVKANQLPVFVDRLDSASPFLSHYFPDPSVLDQELVKGVSVGMTMHAELSPQERTAMFAAIRDEVGDSKVDQVFVVKNEQFESVPEKLDVTVPVASQDHVWSMTFAPQSFVMNLLEHDSVVKQGDVVKVEMPQTGLTFSDVANVYDSLKLGVHRVQVV	2	Y2R,S200T	95.98	True	True	True	True	1	CAND_094 (d=3)	0.2739
CAND_038	MYKSLVFIALLLSFTVLSAQASPLQSVQKLDGVVKAVVVDGVEGHIFAPQSFVMNLLEHDSVVKQGDVVKVEMPQTGLTFSDVANVYDSLKLGVHRVQVVGDESLFANVSNFSYVGVQDSKAILSVQGASVSSVGSITVVAQSFRGVKANQLPVFVDRLDSASPFLSHYFPDPSVLDQELVKGVSVGMVMHAELSPQERSAMFAAIRDEVGDSKVDKVVVVKNEQFESVPEKLDVTVPVASQDHVWSMTFAPQSFVMNLLEHDSVVKQGDVVKVEMPQTGLTFSDVANVYDSLKLGVHRVQVV	4	H103E,T189V,Q217K,F219V	95.98	True	True	True	True	10	CAND_045 (d=3)	0.2640
CAND_039	MHKSLVFIALLLPFTVLSAQASPLQSVQKLDGVVKAVVVDGVEGHIFAPQSFVMNLLEHDSVVKQGDVVKVEMPQTGLTFSDVANVYDSLKLGVHRVQVVGDHSLFANVSNFSYVGVQDSKAILSVQGASVSSVGSITVVAQSFRGVKAFQLPVFVDRLDSASPFLSHYFPDPSVLDQELVKGVSVGMTMHAELSPQERSAMFAAIRDEVGDSKVDQVFVVKNEQFESVPEKLDVTVPVASQDHVWSMTFAPQSFVMNLLEHDSVVKQGDVVKVEMPQTGLTFSDVANVYDSLKLGVHRVQVV	3	Y2H,S13P,N150F	95.98	True	True	True	True	1	CAND_014 (d=3)	0.2706
CAND_040	MYKSLVFIALLLSFTVLSAQASPLQSVQKLDGVVKAVVVDGVEGHRFAPQSFVMNLLEHDSVVKQGDVVKVEMPQTGLTFSDVANVYDSLKLGVHRVQVVGDHSLFANVSNFSYVGVQDSKAILSVQGASVSSVGSITVVAQSFRGVKANQLPVFVDRLDSASPFLSHYFPDPSVLDQELVKGVSVGMTMHAELSPQERSAMFAAIRDFVGDSKVDQVFVVKNEQFESVPEKLDVTVPVALQDHVWSMTFAPQSFVMNLLEHDSVVKQGDVVKVEMPQTGLTFSDVANVYDSLKLGVHRVQVV	3	I46R,E209F,S241L	95.98	True	True	True	True	2	CAND_027 (d=3)	0.2739
CAND_041	MYKSLVFIALLLSFTVLSAQASPLQSVQKLDGVVKAVVVDGVEGHIFAPQSFVMNLLEHDSVVKQGDVVKVEMPQTGLTFSDVANVYDSLKLGVHRVQVVGDHSLFANVSNFSYVGVQDSKAILSVQGASVSSVGSITVVAQSFRGVKAHQLPVFVDRLDSASPFLSHYFPDFSVLDQELVKGVSVGMTMHAELSPQERSAMFAAIRDEVGDSKVDQVFVVKNEQFESVPEKLDVTVPVASQDHVLSMTFAPQSFVMNLLEHDSVVKQGDVVKVEMPQTGLTFSDVANVYDSLKLGVHRVQVV	3	N150H,P173F,W246L	95.98	True	True	True	True	3	CAND_006 (d=3)	0.2706
CAND_042	MYKSLVFTALLLSFTVLSAQASPLQSVQKLDGVVKAVVVDGVEGHIFAPQSFVMNLLEHDSVVKQGDVVKVEMPQTGLTFSDVANVYDSLKLGVHRVQVVGDESLFANVSNFSYVGVQDSKAILSVQGASVSSVGSITVVAQSFRGVKANQLPVFVDRLDSASPFLSHYFPDPSVLDQELVKGVSVGMVMHAELSPQERSAMFAAIRDWVGDSKVDQVFVVKNEQFESVPEKLDVTNPVASQDHVWSMTFAPQSFVMNLLEHDSVVKQGDVVKVEMPQTGLTFSDVANVYDSLKLGVHRVQVV	5	I8T,H103E,T189V,E209W,V237N	95.97	True	True	True	True	10	CAND_045 (d=4)	0.2640
CAND_043	MYKSAVFGALLLSFTVLSAQATPLQSVQKLDGVVKAVVVDGVEGHIFAPQSFVMNLLEHDSVVKQGDVVKVEMPQTGLTFSDVANVYDSLKLGVHRVQVVGDHSLFANVSSFSYVGVQDSKAILSVQGASVSSVGSITVVAQSFRGVKANQLPVFVDRLDSASPFLSHYFPDPSVLDQELVKGVSVGMTMHAELSPQERSAMFAAIRDEVGDSKVYQVFVVKNEQFESVPEKLDVTVPVASQDHVWSMTFAPQSFVMNLLEHDSVVKQGDVVKVEMPQTGLTFSDVANVYDSLKLGVHRVQVV	5	L5A,I8G,S22T,N111S,D216Y	95.97	True	True	True	True	6	CAND_011 (d=3)	0.2607
CAND_044	MYKSLVFIALLLSFTVLSAQASPLQSVQKLDGVVKAVVVDGVEGHIFAPQSFVMNLLEHDSVVKQGDVVKVEMPQTGLTFSDVANVYDSLKLGVHRVQVVGDHSLFANVSNFSYVGVQDSKAILSVQGASVSSVGSITVVAQSFRGVKANQLPVFVDRLDSASPFLSDYFPDPSVLDQELVKGVSVGMTMHAELSPQERSAMFAAIRDVVGDSKVDQVFVVKNEQFESVPEKLDVLVPVASQDHVWSMTFAPQSFVMNLLEHDSVVKQGDVVKVEMPQTGLTFSDVANVYDSLKLGVHRVQVV	3	H168D,E209V,T236L	95.97	True	True	True	True	1	CAND_012 (d=3)	0.2640
CAND_045	MYKSLVFIALLLSFTVLSAQASPLQSVQKLDGVVKAVVVDGVEGHIFAPQSFVMNLLEHDSVVKQGDVVKVEMPQTGLTFSDVANVYDSLKLGVHRVQVVGDESLFANVSNFSYVGVQDSKAILSVQGASVSSVGSITVVAQSFRGVKANQLPVFVDRLDSASPFLSHYFPDVSVLDQELVKGVSVGMVMHAELSPQERSAMFAAIRDEVGDSKVDQVFVVKNEQFESVPEKLDVTVPVASQDHVWSMTFAPQSFVMNLLEHDSVVKQGDVVKVEMPQTGLTFSDVANVYDSLKLGVHRVQVV	3	H103E,P173V,T189V	95.97	True	True	True	True	10	CAND_022 (d=3)	0.2706
CAND_046	MYKSLVFIALLLSFTVLSAQASPLQSVQKLDGVVKAVVVDGVEGHIFAPQSFVMNLLEHDSVVKQGDVVKVEMPQTGLTFSDVANVYDSLKLGVHRVQVVGDHSLFANVSNFSIVGVQDSKAILSVQGASVSSEGSITVVAQSFRGVKANQLPVFVDRLDSASPFLSHYFPDPSVLDQELVKGVSVGMTMHAELSPQERSAMFAAIRDKVGDSKVDQVFVVKNEQFESVPEKLDVTVPVASQDHVWSMTFAPQSFVMNLLEHDSVVKQGDVVKVEMPQTGLTFSDVANVYDSLKLGVHRVQVV	3	Y114I,V134E,E209K	95.97	True	True	True	True	8	CAND_007 (d=3)	0.2673
CAND_047	MYKSLVFIALLLSFTVSSAQASPLQSVQKLDGVVKAVVVDGVEGHIFAPQSFVMNLLEHDSVVKQGDVVKVEMPQTGLTFSDVANVYDSLKLGVHRVQVVGDHSLFANVSNFSYVGVQDSKAILSVQGASVSSVGSITVVAQSFRGVKANQLPVFVDRLDSASPFLSHYFPDPSVLDQELLKGVSVGMTMHAELSPQERSAMFAAIRDEVGDSKVDQVFVVKNEQFESVPEKLDVTVLVASQDHDWSMTFAPQSFVMNLLEHDSVVKQGDVVKVEMPQTGLTFSDVANVYDSLKLGVHRVQVV	4	L17S,V181L,P238L,V245D	95.95	True	True	True	True	12	CAND_023 (d=3)	0.2673
CAND_048	MYKSLVFIALLLSFTVLSAQASPLQSVQKLDGVVKAVVVDGVEGHIFAPQSFVMNLLEHDSVVKQGDVVKVEMPQTGLTFSDVANVYDSLKLGVHRVQVVGDHSLFANVSNFSYVGVQDSQAILSVQGASVSSVGSIDVVAQSFRGVKANQLPVFVDRLDSASPFLSHYFPDPSVLDQELVKGVSVGMTMHAELSPQERSAMFAAIRDFVGDSKVDQVFVVKNEQFESVPEKLDVTVPVASQDHVWSMTFAPQSFVMNLLEHDSVVKQGDVVKVEMPQTGLTFSDVANVYDSLKLGVHRVQVV	3	K121Q,T138D,E209F	95.95	True	True	True	True	4	CAND_027 (d=3)	0.2706
CAND_049	MYKSLVFIALLLSFTVLSAQASPLQSVQKLDGVVKAVVVDGVEGHIFAPQSFVMNLLEHDSVVKQGDVVKVEMPQTGLTFSDVANVYDSLKLGVHRVQVVGDHSLFANVSNFSYVGVQDSKAIGSVQGASVSSVGSITVVAQSFRGVKANQLPVFVDRLDSASPFLSHYFPDPSVLDQELVEGVSVGMTMHAELSPQERSAMFAAIRDEVGDSKVDQVFVVKNIQFESVPEKLDVTVPVASQDHVESMTFAPQSFVMNLLEHDSVVKQGDVVKVEMPQTGLTFSDVANVYDSLKLGVHRVQVV	4	L124G,K182E,E224I,W246E	95.95	True	True	True	True	3	CAND_003 (d=3)	0.2739
CAND_050	MYKSLVFIALLLSFTVLSAQASPLQSVQKLDGVVKAVVVDGVEGHIFAPQSFVMNLLEHDSVVKQGDVVKVEMPQTGLTFSDVANVYDSLKLGVHRVQVVGDHSLFANVSNFSYVGVQDSKAILSVQGASVSSVGSITVVAQSFRGVKANQLPVFVDRLQSASPFLSHYFPDPSVLDQELVKGVSVGMTMHAELSPQERSAMFQAIRDEVGDSKVDQVFVVKNEQFESVPEKLDGTVPVASQDHVWSMTFAPQSFVMNLLEHDSVVKQGDVVKVEMPQTGLTFSDVANVYDSLKLGVHRVQVV	3	D160Q,A204Q,V235G	95.94	True	True	True	True	2	CAND_017 (d=3)	0.2640
CAND_051	MYKSLVFIALLLSFTVLSAQASPLQSVQKLDGVVKAVVVDGVEGHIFAPQSFVMNLLEHDSVVKQGDVVKVEMPQTGLTFSDVANVYDSLKLGVHRVQVVGDHSLFSNVSNFSYVGVQDSKAIGSVQGASVSSVGSITVVAQSFRGVKANQLPVFVDRLDSASPFLSHYFPDPSVLDQELVKGVSVGMTMHAELSPQERSAMFAAIRDEHGDSKVDQVFVVKNEQFESVPEKLDVTVPVASQDHVESMTFAPQSFVMNLLEHDSVVKQGDVVKVEMPQTGLTFSDVANVYDSLKLGVHRVQVV	4	A107S,L124G,V210H,W246E	95.94	True	True	True	True	3	CAND_003 (d=3)	0.2706
CAND_052	MYKSLVFIALLLSFTVLSAQASPLQSVQKLDGVVKAVVVDGVEGHIFAPQSFVMNLLEHDSVVKQGDVVKVEMPQTGLTFSDVANVYDSLKLGVHRVQVVGDHSLFANVSNFSYVGVQDSKAILSVQGASVSSVGSITVVAQSFRGVKANQLPVFVDRLDSASPFLSHYFPDPSVLDQELVKGVSVGMTMMAELSPQERSAMFAAIRDKVGDSKVDQVFVVKTEQFESVPEKLDVTVPVASQDHVWSMTFAPQSFVMNLLEHDSVVKQGDVVKVEMPQTGLTFSDVANVYDSLKLGVHRVQVV	3	H191M,E209K,N223T	95.93	True	True	True	True	8	CAND_007 (d=3)	0.2706
CAND_053	MYKSLVFIALLLSFTVLSAQASPLQSVQKLDGVVKAVVVDGVEGHIFAPQSFVMNLLEHDSVVKQGDVVKVEMPQTGLTFSDVANVYDSLKLGVHRVQVVGDHSLEANVSNFSYVGVQDSKAILSVQGASQSSVGSITVVAQSFRGVKANQLPVFVDRLDSASPFLSHYFPDPSVLDQELVKGVSVGMTMHAELSPQERSAMFAAIRDEVGDSKVDQVFVVKNEQFESVPEKLDVTVPVASQDHVLSMTFAPQSFVMNLLEHDSVVKQGDVVKVEMPQTGLTFSDVANVYDSLKLGVHRVQVV	3	F106E,V131Q,W246L	95.93	True	True	True	True	3	CAND_006 (d=3)	0.2673
CAND_054	MYKSAVFGALLLSFTVLSAQATPLQSVQKLDGVVKAVVVDGVEGHIFAPQSFVMNLLEHDSVVKQGDVVKVEMPQTGLTFSDVANVYDSLKLGVHRVQVVGDHSLPANVSNFSYVGVQDSKAILSVQGASVQSVGSITVVAQSFRGVKANQLPVFVDRLDSASPFLSHYFPDPSVLDQELVKGVSVGMTMHAELSPQERSAMFAAIRDEVGDSKVDQVFVVKNEQFESVPEKLDVTVPVASQDHVWSMTFAPQSFVMNLLEHDSVVKQGDVVKVEMPQTGLTFSDVANVYDSLKLGVHRVQVV	5	L5A,I8G,S22T,F106P,S132Q	95.92	True	True	True	True	6	CAND_011 (d=3)	0.2607
CAND_055	MYKSLVFIALLLSFTVLSAQASPLQSVQKLDGVVKAVVVDGVEGHIFAPQSFVMNLLEHDSVVKQGDVVKVEMPQTGLTFSDVANVYDSLKLGVHRVQVVGDHSLFANVSNFSYVGVQDSKAILSVQGASVSSVGSITVPAQSFRGVKANQLPVFLDRLDSASPFLSHYFPDPSVLDQNLVKGVSVGMTMHAELSPQERSAMFAAIRDEVGDSKVDQVFVVKNNQFESVPEKLDVTVPVASQDHVWSMTFAPQSFVMNLLEHDSVVKQGDVVKVEMPQTGLTFSDVANVYDSLKLGVHRVQVV	4	V140P,V156L,E179N,E224N	95.92	True	True	True	True	9	CAND_018 (d=3)	0.2706
CAND_056	MYKSLVFIALLLSFTVLSAQASPLQSVQKLDGVVKAVVVDGVEGHIFAPQSFVMNLLEHDSVVKQGDVVKVEMPQTGLTFSDVANVYDSLKLGVHRVQVVGDHSLFANVSNFSYVGVPDSKAILSVQGASVSSVGSITVVAQSFRGVKANQLPVFVDRLDSASPFLSHYFPDPSVLDQSLVKGVSVGMTMHAELSPQERSAMFAAIRDEVGDSKVRQVFVVKNEQPESVPEKLDVTVPVASQDHVWSMTFAPQSFVMNLLEHDSVVKQGDVVKVEMPQTGLTFSDVANVYDSLKLGVHRVQVV	4	Q118P,E179S,D216R,F226P	95.92	True	True	True	True	8	CAND_015 (d=3)	0.2640
CAND_057	MYKSLVKIALLLSFTVLSAQASPLQSVQKLDGVVKAVVVDGVEGHIFAPQSFVMNLLEHDSVVKQGDVVKVEMPQTGLTFSDVANVYDSLKLGVHRVQVVGDHSLFANVSNFSYVGVQDSKAILSVQGASVSSVGSITVVAQSFRGVKANQLPVFVDRLDSASPFLSHYFPDPSVLDQELVKGVSVGMTMHAELSPQERSAMFAAIRDFTGDSKVDQVFVVKNEQFESVPEKLDVTVPVASQDHVWSMTFAPQSFVMNLLEHDSVVKQGDVVKVEMPQTGLTFSDVANVYDSLKLGVHRVQVV	3	F7K,E209F,V210T	95.92	True	True	True	True	2	CAND_027 (d=3)	0.2673
CAND_058	MYKSLVFIALLLSFTVLSAQASPLTSVQKLDGVVKAVVVDGVEGHRFAPQSFVMNLLEHDSVVKQGDVVKVEMPQTGLTFSDVANVYDSLKLGVHRVQVVGDHSLFANVSNFSYVGVQDSKAILSVQGASSSSVGSITVVAQSFRGVKANQLPVFVDRLDSASPFLSHYFPDPSVLDQELVKGVSVGMTMPAELSPQERSAMFAAIRDEVGDSKVDQVFVVKNEQFESVPEKLDVTVQVASQDHVWSMTFAPQSFVMNLLEHDSVVKQGDVVKVEMPQTGLTFSDVANVYDSLKLGVHRVQVV	5	Q25T,I46R,V131S,H191P,P238Q	95.91	True	True	True	True	11	CAND_031 (d=3)	0.2739
CAND_059	MYKSLVFIALLLSFTVLSAQASPLQSVQKLDGVVKAVVVDGVEGHIFAPQSFVMNLLEHDSVVKQGDVVKVEMPQTGLTFSDVANVYDSLKLGVHRVQVVGDHSLFANVSNFSYVGVQDLKAILSVQGASVSSVGSITVVAQSFEGVKANQLPVFVDRLDSASPFLSHYFPDPSVLDQELVKGVSVGMTMHAELSPQERLAMFAAIRDEVGDSKVDQVFVVKNEQFESVPEKLDVTVPVASQDHVWSMTFAPQSFVMNLLEHDSVVKQGDVVKVEMPQTGLTFSDVANVYDSLKLGVHRVQVV	3	S120L,R145E,S200L	95.91	True	True	True	True	5	CAND_024 (d=3)	0.2673
CAND_060	MYKSLVHIALLLSFPVLSAQASPLQSVQKLDGVVKAVVVDGVEGHIFAPQSFVMNLLEHDSVVKQGDVVKVEMPQTGLTFSDVANVYDSLKLGVHRVQVVGDHSLFANVSNFSYVGVQDSKAILSVQGASVSSVGSITVVAQSFRGVKANQLPVFVDRLDSASPFLSHYFPDPSVLDQELVKGVSVGMTMHAELSPQERSAMFAAIRDEVGDSKVPQVFVVKNEQFESVPEKLDVTVPVASQDHVWSMTFAPQSFVMNLLEHDSVVKQGDVVKVEMPQTGLTFSDVANVYDSLKLGVHRVQVV	3	F7H,T15P,D216P	95.91	True	True	True	True	4	CAND_009 (d=3)	0.2706
CAND_061	MYKSLVFIALLGSFTVLSAQASPLQSVQKLDGVVKAVVVDGVEGHRFAPQSFVMNLLEHDSVVKQGDVVKVEMPQTGLTFSDVANVYDSLKLGVHRVQVVGDHSLFANVSNFSYVGVQDSKAILTVQGASSSSVGLITVVAQSFRGVKANQLPVFVDRLDSASPFLSHYFPDPSVLDQELVKGVSVGMTMHAELSPQERSAMFAAIRDEVGDSKVDQVFVVKNEQFESVPEKLDVTVQVASQDHVWSMTFAPQSFVMNLLEHDSVVKQGDVVKVEMPQTGLTFSDVANVYDSLKLGVHRVQVV	6	L12G,I46R,S125T,V131S,S136L,P238Q	95.91	True	True	True	True	11	CAND_031 (d=4)	0.2706
CAND_062	MYKSLVFIALLLSFTVLSAQASPLQSVQKLDGVVKAVVVDGVEGHIFAPQSFVMNLLEHDSVVKQGDVVKVEMPQTGLTFSDVANVYDSLKLGVHRVQVVGDHSLFANVSNFSYVGVQDSKAIGSVQGASVSSVGSITVVAQSFRGVKANQLPVFVDRLDSASPFLKHYFPDPSVLDQELVKGVSVGMTMHAELSPQERSAMFARIRDEVGDSKVDQVFVVKNEQFESVPEKLDVTVPVASQDHVESMTFAPQSFVMNLLEHDSVVKQGDVVKVEMPQTGLTFSDVANVYDSLKLGVHRVQVV	4	L124G,S167K,A205R,W246E	95.91	True	True	True	True	3	CAND_003 (d=3)	0.2739
CAND_063	MYKSLVFIALLLSFTVLSAQASPLQSVQKLDGVVKAVVVDGVEGHIFAPQSFVMNLLEHDSVVKQGDVVKVEMPQTGLTFSDVANVYDSLKLGVHRVQVVGDHSLFANVSNFSYVGVQDSKAILSVQGASVSSVGSITVVAQSFRGVKANQLPVIVDRLDSASPFLSHYFPDPSVLDQELVKGVSVGMTMHAELSPQERSAMFAAIRDEVGDSKVDQVFVVGNEQFESVPEKLTVTVPVASQDHVWSMTFAPQSFVMNLLEHDSVVKQGDVVKVEMPQTGLTFSDVANVYDSLKLGVHRVQVV	3	F155I,K222G,D234T	95.91	True	True	True	True	13	CAND_033 (d=3)	0.2640
CAND_064	MYKSLVFIALLLSFTVLSAQASPLQSVQKLDGVVKAVVVDGVEGHIFAPQSFVMNLLEHDSVVKQGDVVKVEMPQTGLTFSDVANVYDSLKLGVHRVQVVGDHSLFANVSNFSYVGVQDSKAIGSVQGASVSSVGSITVVAQSFRGVKANQLPVFVDRLDSASPFLSHYFPDPSVLDQELVPGVSVGMTMHAELSPQERSAMFAAIRDEVGDSKVDQVFVVRNEQFESVPEKLDVTVPVASQDHVESMTFAPQSFVMNLLEHDSVVKQGDVVKVEMPQTGLTFSDVANVYDSLKLGVHRVQVV	4	L124G,K182P,K222R,W246E	95.90	True	True	True	True	3	CAND_003 (d=3)	0.2706
CAND_065	MYKSLHFIALLLSFTVLSAQASPLQSVQKLDGVVKAVVVDGVEGHIFAPQSFVMNLLEHDSVVKQGDVVKVEMPQTGLTFSDVANVYDSLKLGVHRVQVVGDHSLFANVSNFSYVGVPDSKAILSVQGASVSSVGSITVVAQSFRGVKANQLPVFVDRLDSASPFLSHYFPDPSVLDQELVKGVSVGMTMHAELSPQERSAMFAAIRDEVGDSKVLQVFVVKNEQFESVPEKLDVTVPVASQDHVWSMTFAPQSFVMNLLEHDSVVKQGDVVKVEMPQTGLTFSDVANVYDSLKLGVHRVQVV	3	V6H,Q118P,D216L	95.90	True	True	True	True	8	CAND_025 (d=3)	0.2640
CAND_066	MYKSLVFIALLLSFTVLSAQASPLQSVQKLDGVVKAVVVDGVEGHIFAPQSFVMNLLEHDSVVKQGDVVKVEMPQTGLTFSDVANVYDSLKLGVHRVQVVGDHSLFANVSNFSKVGVQDSKAILSVQGASVSSVGSITVVAQSFRGVKANQLPVFVDELDSASPFLSHYFPDPSVLDQELVKGVSVGMTMHAELSPQERSAMFAAIRDEVGDSKVDQVFVVKNEQFESVPEKLDVTVPVASQDHVLSMTFAPQSFVMNLLEHDSVVKQGDVVKVEMPQTGLTFSDVANVYDSLKLGVHRVQVV	3	Y114K,R158E,W246L	95.90	True	True	True	True	3	CAND_006 (d=3)	0.2673
CAND_067	MYKSLVFIALLLSFTVLSAQASPLQSVQKLDGVVKAVVVDGVEGHIFAPQSFVMNLLEHDSVVKQGDVVKVEMPQTGLTFSDVANVYDSLKLGVHRVQVVGDHSLFANVSNFSYVGVQDSFAILSVQGASVSSVGSITVVAQSFRGVKANQLPVFVDRLDSASPFLSHYFPDPSVLDQELVKGVSVGMTMHAELSPQERSAMFAAIRDEVGDSKVDQVFVVMNEQFESVPEKLDVTVPVASQDHVLSMTFAPQSFVMNLLEHDSVVKQGDVVKVEMPQTGLTFSDVANVYDSLKLGVHRVQVV	3	K121F,K222M,W246L	95.90	True	True	True	True	3	CAND_006 (d=3)	0.2640
CAND_068	MYKSLVFIALLLSFTVLSAQASPLQSVQKLDGVVKAVVVDGVEGHIFAPQSFVMNLLEHDSVVKQGDVVKVEMPQTGLTFSDVANVYDSLKLGVHRVQVVGDHSLFAFVSNFSYGGVQDSKAILSVQGASVSSVGSITVVAQSFRGVKANQLPVFVDRLDSASPFLSHYFPDPSVLDQELVKGVSVGMTMHAELSPQERSAMFAAIRDFVGDSKVDQVFVVKNEQFESVLEKLDVTVPVASQDHVWSMTFAPQSFVMNLLEHDSVVKQGDVVKVEMPQTGLTFSDVANVYDSLKLGVHRVQVV	4	N108F,V115G,E209F,P230L	95.90	True	True	True	True	14	CAND_027 (d=4)	0.2673
CAND_069	MYKSLVFIALMLSFTVLSAQASPLQSVQKLDGVVKAVVVDGVEGHQFAPQSFVMNLLEHDSVVKQGDVVKVEMPQTGLTFSDVANVYDSLKLGVHRVQVVGDHSLFANVSNFSYVGVQDSKAIGSVQGASVSSVGSITVVAQSFRGVKANQLPVFVDRLDSASPFLSHYFPDPSVLDQELVKGVSVGMTMHAELSPQERSAMFAAIRDEVGDSKVDQVFVVKNEQFESVPEKLDVTVPVASQDHVESMTFAPQSFVMNLLEHDSVVKQGDVVKVEMPQTGLTFSDVANVYDSLKLGVHRVQVV	4	L11M,I46Q,L124G,W246E	95.90	True	True	True	True	3	CAND_003 (d=3)	0.2706
CAND_070	MYKSLVFIALLLSFTVLSAQASDLQSVQKLDGVVKAVVVDGVEGHIFAPQSFVMNLLEHDSVVKQGDVVKVEMPQTGLTFSDVANVYDSLKLGVHRVQVVGDHSLFANVSNFSYVGVQDSKEILSVQGASVSSVGSITVVAQSFRGVKANQLPVFVDRLDSASPFLSHYFPDPSVLDQELVKGVSVGMTMHAELSPQERSAMFAAIRDVVGDSKVDQVFVVKNEQFESVPEKLDVTVPVASQDHVWSMTFAPQSFVMNLLEHDSVVKQGDVVKVEMPQTGLTFSDVANVYDSLKLGVHRVQVV	3	P23D,A122E,E209V	95.90	True	True	True	True	1	CAND_012 (d=3)	0.2640
CAND_071	MYKSLVFIALLLSFTVLSAQASPLQSVQKLDGVVKAVVVDGVNGHIFAPQSFVMNLLEHDSVVKQGDVVKVEMPQTGLTFSDVANVYDSLKLGVHRVQVVGDHSLFANVSNFSYVGVQDSKAILSVQGASVSSVGSITVVAQSFRGVKANQLPVFVDRLDAASPFLSHYFPDPSVLDQELVKGVSVGMTMHAELSPQERSAMFAAIRDEVGDSKVDQVFVVKNEQFESVPEKLDVTVPVASQDHVLSMTFAPQSFVMNLLEHDSVVKQGDVVKVEMPQTGLTFSDVANVYDSLKLGVHRVQVV	3	E43N,S161A,W246L	95.90	True	True	True	True	3	CAND_006 (d=3)	0.2607
CAND_072	MYKSLVFIALLLSFTVLSAQASPLQSVQKLDGVVKAVVVDGVEGHIFAPQSFVMNLLEHDSVVKQGDVVKVEMPQTGLTFSDVANVYDSLKLGVHRVQVVGDHSLFANVSNFSYFGVQDSKAILSVQGASVSSVGSITVVAQSFRGVKANQLPVFVDRLDSKSPFLSHYFPDPSVLDQELVKGVSVGMTMHAELSPQERSAMFAAIRDEVGDSKVDQVFVVKNEQFESVPEKLDVTVPVASQDHVLSMTFAPQSFVMNLLEHDSVVKQGDVVKVEMPQTGLTFSDVANVYDSLKLGVHRVQVV	3	V115F,A162K,W246L	95.89	True	True	True	True	3	CAND_006 (d=3)	0.2640
CAND_073	MYKSAVFGALLLSFTVLSAQATPLQSVQKLDGVVKAVVVDGVEGHIFAPQSFVMNLLEHDSVVKQGDVVKVEMPQTGLTFSDVANVYDSLKLGVHRVQVVGDHSLFANVSNFSYVGVQDSKAILSVQGASVSSVGSITVVAQSFRGVKANQLPVFVDRLDSASPFLSHYFPDPSMLDQELVKGVSVGMTMHAELSPQERSAMFAAIRDEVGDSKVDQVIVVKNEQFESVPEKLDVTVPVASQDHVWSMTFAPQSFVMNLLEHDSVVKQGDVVKVEMPQTGLTFSDVANVYDSLKLGVHRVQVV	5	L5A,I8G,S22T,V175M,F219I	95.89	True	True	True	True	6	CAND_011 (d=3)	0.2640
CAND_074	MYKSLVFIALLLSFTVLSAQASPLQSVQKLDGVVKAVVVQGVEGHIFAPQSFVMNLLEHDSVVKQGDVVKVEMPQTGLTFSDVANVYDSLKLGVHRVQVVGDHSLFANVSNFSYVGVQDSKAILSVQGASVSSVGSITVPAQSFRGVKANQLPVFVDRLDSASPFLSHYFPDPSVLDQELVKGVSVGMTMHAELSPQERQAMFAAIRDEVGDSKVDQVFVVKNNQFESVPEKLDVTVPVASQDHVWSMTFAPQSFVMNLLEHDSVVKQGDVVKVEMPQTGLTFSDVANVYDSLKLGVHRVQVV	4	D40Q,V140P,S200Q,E224N	95.88	True	True	True	True	9	CAND_018 (d=3)	0.2739
CAND_075	MYKSLVFIALLLSFTVLSAQASPLQSVQKLDGVVKAVVVDGVEGHIFAPQSFVMNLLEHDSVVKQGDVVKVEMPQTGLTFSDVANVYDSLKLGVHRVQVVGDHGLFANVSNFSYVGVQDSKAILSVQGASVSSVGSITVVAQSFEGVKANQLPVFVDRLDSASPFLSHYFPDPSVLDQELVKGVSVGMTMHAELSPQEKSAMFAAIRDEVGDSKVDQVFVVKNEQFESVPEKLDVTVPVASQDHVWSMTFAPQSFVMNLLEHDSVVKQGDVVKVEMPQTGLTFSDVANVYDSLKLGVHRVQVV	3	S104G,R145E,R199K	95.87	True	True	True	True	5	CAND_024 (d=3)	0.2673
CAND_076	MYKSLVFIALLLSFTVLSAQASPLQSVQKLDGVVKMVVVDGVEGHIFAPQSFVMNLLEHDSVVKQGDVVKVEMPQTGLTFSDVANVYDSLKLGVHRVQVVGDHSLFANVSNFSYVGVQDSKAILSVQGASVSSVGFITVVAQSFEGVKANQLPVFVDRLDSASPFLSHYFPDPSVLDQELVKGVSVGMTMHAELSPQERSAMFAAIRDEVGDSKVDQVFVVKNEQFESVPEKLDVTVPVAVQDHVWSMTFAPQSFVMNLLEHDSVVKQGDVVKVEMPQTGLTFSDVANVYDSLKLGVHRVQVV	4	A36M,S136F,R145E,S241V	95.87	True	True	True	True	2	CAND_024 (d=4)	0.2673
CAND_077	MYKSLVFIALLLSFTVLSAQASPLQSVQKLDGVVKAVVVDGVEGHIFAPQSFVMNLLEHDSVVKQGDVVKVEMPQTGLTFSDVANVYDSLKLGVHRVQVVGDHSLFANVSNFSYVGVQDSKAILSVQGASVSSVGSITVVAQSFEGVKANQLPVKVDRLDSASPFLSHYFPDPSVLDQELVKGVSVGMTDHAELSPQERSAMFAAIRDEVGDSKVDQVFVVKNEQFESVPEKLDQTVPVASQDHVWSMTFAPQSFVMNLLEHDSVVKQGDVVKVEMPQTGLTFSDVANVYDSLKLGVHRVQVV	4	R145E,F155K,M190D,V235Q	95.87	True	True	True	True	15	CAND_024 (d=4)	0.2640
CAND_078	MYKSLVFIALLLSFPVLSAQASPLQSVQKLDGVVKAVVVDGVEGHIFAPQSFVMNLLEHDSVVKQGDVVKVEMPQTGLTFSDVANVYDSLKLGVHRVQVVGDHSLFANVSNFSYVGVQDSKAILSVQGASVSSVGSITVVAQSFRTVKANQLPVFIDRLDSASPFLSHYFPDPSVLDQELVKGVSVGMTMHAELSPQERSAMFAAIRDEVGDSKVDQVFVVKNEQFESVPEKLDVTVPVASQDHVWSMTFAPQSFVMNLLEHDSVVKQGDVVKVEMPQTGLTFSDVANVYDSLKLGVHRVQVV	3	T15P,G146T,V156I	95.87	True	True	True	True	4	CAND_009 (d=3)	0.2706
CAND_079	MYKSLVFIALLLSKTVLSAQASPLQSVQKLDGVVKAVVVDGVEGHIFAPQSFVMNLLEHDSVVKQGDVVKVEMPQTGLTFSDVANVYDSLKLGVHRVQVVGDHSLFANVSNFSYVGVQDSKAIGSVQGASVSSVGSITVVAQSFRGVFANQLPVFVDRLDSASPFLSHYFPDPSVLDQELVKGVSVGMTMHAELSPQERSAMFAAIRDEVGDSKVDQVFVVKNEQFESVPEKLDVTVPVASQDHVESMTFAPQSFVMNLLEHDSVVKQGDVVKVEMPQTGLTFSDVANVYDSLKLGVHRVQVV	4	F14K,L124G,K148F,W246E	95.87	True	True	True	True	3	CAND_003 (d=3)	0.2706
CAND_080	MYKSLPFIALLLSFTVLSAQASPLQSVQKLDGVVKAVVVDGVEGHCFAPQSFVMNLLEHDSVVKQGDVVKVEMPQTGLTFSDVANVYDSLKLGVHRVQVVGDHSLFANVSNFSYVGVQDSKAILSVQGASVSSVGSITVPAQSFRGVKANQLPVFVDRLDSASPFLSHYFPDPSVLDQELVKGVSVGMTMHAELSPQERSAMFAAIRDEVGDSKVDQVFVVKNNQFESVPEKLDVTVPVASQDHVWSMTFAPQSFVMNLLEHDSVVKQGDVVKVEMPQTGLTFSDVANVYDSLKLGVHRVQVV	4	V6P,I46C,V140P,E224N	95.87	True	True	True	True	9	CAND_018 (d=3)	0.2673
CAND_081	MYKSLVFIALLLSFPVLGAQASPLQSVQKLDGVVKAVVVDGVEGHIFAPQSFVMNLLEHDSVVKQGDVVKVEMPQTGLTFSDVANVYDSLKLGVHRVQVVGDHSLFANVSNFSYVGVQDSKAILSVQGASVSSVGSITVVAQSFRGVKANQLPVFVDRLDSASPFLSHYFPDPSVLDQELVKGVSVGMTMAAELSPQERSAMFAAIRDEVGDSKVDQVFVVKNEQFESVPEKLDVTVPVASQDHVWSMTFAPQSFVMNLLEHDSVVKQGDVVKVEMPQTGLTFSDVANVYDSLKLGVHRVQVV	3	T15P,S18G,H191A	95.87	True	True	True	True	4	CAND_009 (d=3)	0.2706
CAND_082	MYKSLVFIALLLSFTVLSAQASPLQSVQKLDGVVKAVVVDGVEGHIFAPQSFVMNLLEHDSVVKQGDVVKVEMPQTGLTFSDVANVYDSLKLGVHRVQVVGDHSLFANVSNFSYVGVPDSKAILSVQGASVSSVGMITVVAQSFRGVKANQLPVFVDRLDSASPFLSHYFPDPSVLDQSLVKGVSVGMTMHAELSPQERSAMFAAIRDEVGDSKVDQVFVVKNEQFESVPEKLDVTVIVASQDHVWSMTFAPQSFVMNLLEHDSVVKQGDVVKVEMPQTGLTFSDVANVYDSLKLGVHRVQVV	4	Q118P,S136M,E179S,P238I	95.86	True	True	True	True	8	CAND_015 (d=3)	0.2607
CAND_083	MYKSLVFIALLLSFPVLSAQASPLQSVQKLDGVVKAVVVDGVEGHIFAPQSFVMNLLEHDSVVKQGDVVKVEMPQTGLTFSDVANVYDSLKLGVHRVQVVGDHSLFANVSNFSYVGVQDSKAILSVQGASVSSVGSITVVAQSFRGVKANQLPQFVDRLDSASPFLSHYFPDPSVLDQELVKGVSVGMTMHAELSPQERSAMFAAIRDEVGDSKMDQVFVVKNEQFESVPEKLDVTVPVASQDHVWSMTFAPQSFVMNLLEHDSVVKQGDVVKVEMPQTGLTFSDVANVYDSLKLGVHRVQVV	3	T15P,V154Q,V215M	95.86	True	True	True	True	4	CAND_009 (d=3)	0.2640
CAND_084	MYKSLVFIALLLSFTVLSAQAHPLQSVQKLDGVVKAVVVDGVEGHIFAPQSFVMNLLEHDSVVKQGDVVKVEMPQTGLTFSDVANVYDSLKLGVHRVQVVGDHSLFANGSNFSYVGVQDSKAILSVQGASVSSVGSITVVAQSFEGVKANQLPVFVDRLDSASPFLSHYFPDPSVLDQELVKGVSVGMTMHAELSPQERSAMFAAIRDEVGDSKVDQVFVVKNEQFESVPEKLDVTVFVASQDHVWSMTFAPQSFVMNLLEHDSVVKQGDVVKVEMPQTGLTFSDVANVYDSLKLGVHRVQVV	4	S22H,V109G,R145E,P238F	95.86	True	True	True	True	5	CAND_024 (d=4)	0.2706
CAND_085	MYKSAVFGALLLSFTVLSAQATPLQSVQKLDGVVKAVVVDGVEGHIFAPQSFVMNLLEHDSVVKQGDVVKVEMPQTGLTFSDVANVYDSLKLGVHRVQVVGDHSLFANVSNFSYVGVQDSKAILSVQGASVSSVGSITVVAQSFRGVKANQLPVFVDRLDSASPFLSHYFPDPSVLDQELVKGVSVGMTMHAELSPQERSAMFAAIRDEVGDRKVDQVFVVKNEQFESVPEKLDVTVPVASQDHPWSMTFAPQSFVMNLLEHDSVVKQGDVVKVEMPQTGLTFSDVANVYDSLKLGVHRVQVV	5	L5A,I8G,S22T,S213R,V245P	95.86	True	True	True	True	6	CAND_011 (d=3)	0.2607
CAND_086	MYKSLHFIALLLSFTVLSAQASPLQSVQKLDGVVKAVVVDGVEGHIFAPQSFVMNLLEHDSVVKQGDVVKVEMPQTGLTFSDVANVYDSLKLGVHRVQVVGDHSLFANVSNFSYVGVQDSKAILSVQGASVSSVGSITVVAQSFRGVKANQLPVSVDILDSASPFLSHYFPDPSVLDQELVKGVSVGMTMHAELSPQERSAMFAAIRDEVGDSKVDQVFVVKNEQFESVPEKLDVTVPVASQDHVWSMTFAPQSFVMNLLEHDSVVKQGDVVKVEMPQTGLTFSDVANVYDSLKLGVHRVQVV	3	V6H,F155S,R158I	95.86	True	True	True	True	13	CAND_025 (d=3)	0.2673
CAND_087	MYKSLVFIALLLSFTVLSAQASPLQSVQKLDGVVKAVVVDGVEGHIFAPQSFVMNLLEHDSVVKQGDVVKVEMPQTGLTFSDVANVYDSLKLGVHRVQVVGDHSLFANVSNFSYVPVQDSKAILSVQGASVSSVGSITVVAQSFRGVKANQLPVFVDRLDSASPFLSHYFPDPSVLDQELVKGVSVGMTMHAELSPQERSAMFAAIRDVVGDSKVDQVFVVKNEQFESVPEPLDVTVPVASQDHVWSMTFAPQSFVMNLLEHDSVVKQGDVVKVEMPQTGLTFSDVANVYDSLKLGVHRVQVV	3	G116P,E209V,K232P	95.85	True	True	True	True	1	CAND_012 (d=3)	0.2673
CAND_088	MYKSLVFIALLLSFTVLSAQASPLQSVQKLDGVVKAVVVDGVEGHIFAPQSFVMNLLEHDSVVKQGDVVKVEMPQTGLTFSDVANVYDSLKLGVHRVQVVGDHSLFANVSNFSYVGVQDSRAILSVQGASVSSVGSITVVAQSFEGVKANQLPVFVDRLDSASPFLSHYFPDPSVLDQELVKGISVGMTMHAELSPQERSAMFAAIRDEVGDSKVDQVFVVKNEQFESVPEKLDVTVPVASQDHVWSMTFAPQSFVMNLLEHDSVVKQGDVVKVEMPQTGLTFSDVANVYDSLKLGVHRVQVV	3	K121R,R145E,V184I	95.85	True	True	True	True	5	CAND_024 (d=3)	0.2673
CAND_089	MYKSLVFIALLLSFTVLSAQASPLQSPQKLDGVVKAVVVDGVEGHIFAPQSFVMNLLEHDSVVKQGDVVKVEMPQTGLTFSDVANVYDSLKLGVHRVQVVGDHSLFANVSNFSYVGVQDSKAILSVQGASVSSVGSITVVAQSFRGVKANQLPVFVDRLDSASPFLSHYFPDPSVLDQELVTGVSVGMTMHAELSPQERSAMFAAIRDEVGDSKVDSVFVVKNEQFESVPEKLDVTVPVASQDHVWSMTFAPQSFVMNLLEHDSVVKQGDVVKVEMPQTGLTFSDVANVYDSLKLGVHRVQVV	3	V27P,K182T,Q217S	95.85	True	True	True	True	16	CAND_010 (d=3)	0.2640
CAND_090	MYKSLVFIALLLSFTVLSAQASPLQSPQKLDGVVKAVVVDGVEGHIFAPQSFVMNLLEHDSVVKQGDVVKVEMPQTGLTFSDVANVYDSLKLGVHRVQVVGDHSLFANVSNFSYVGVQDSKAIISVQGASVSSVGSITVVAQSFRGVKANQLPVFVDRLDPASPFLSHYFPDPSVLDQELVKGVSVGMTMHAELSPQERSAMFAAIRDEVGDSKVDQVFVVKNEQFESVPEKLDVTVPVASQDHVWSMTFAPQSFVMNLLEHDSVVKQGDVVKVEMPQTGLTFSDVANVYDSLKLGVHRVQVV	3	V27P,L124I,S161P	95.84	True	True	True	True	3	CAND_010 (d=3)	0.2640
CAND_091	MYKSLVFIALLLSFTVLSAQASPLQSVQKLDGVVKAVVVDGVEGNIFAPQSFVMNLLEHDSVVKQGDVVKVEMPQTGLTFSDVANVYDSLKLGVHRVQVVGDHSLFANVSNFSYVGVQDSKAILSVQGASVSSVGSITVVAQSFRGVKANQLPVFVDRLDSASPFLSHYFPDPSVLEQELVKGVSVGMTMHAELSPQERSAMFAAIRDKVGDSKVDQVFVVKNEQFESVPEKLDVTVPVASQDHVWSMTFAPQSFVMNLLEHDSVVKQGDVVKVEMPQTGLTFSDVANVYDSLKLGVHRVQVV	3	H45N,D177E,E209K	95.84	True	True	True	True	3	CAND_007 (d=3)	0.2640
CAND_092	MYKSAVFGALLLSFTVLSAQATPLQSVQKLDGVVKAVVVDGVEKHIFAPQSFVMNLLEHDSVVKQGDVVKVEMPQTGLTFSDVANVYDSLKLGVHRVQVVGDHSLFANVSNFSYVGVQDSKAILSVQGASVSSVGSCTVVAQSFRGVKANQLPVFVDRLDSASPFLSHYFPDPSVLDQELVKGVSVGMTMHAELSPQERSAMFAAIRDEVGDSKVDQVFVVKNEQFESVPEKLDVTVPVASQDHVWSMTFAPQSFVMNLLEHDSVVKQGDVVKVEMPQTGLTFSDVANVYDSLKLGVHRVQVV	5	L5A,I8G,S22T,G44K,I137C	95.84	True	True	True	True	6	CAND_011 (d=3)	0.2640
CAND_093	MYKSLVFIALLLSFPVLSAQASPLQSVQKLDGVVKAVVVDGVEGHIFAPQSFVMNLLEHDSVVKQGDVVKVEMPQTGLTFSDVANVYDSLKLGVHRVQVVGDHSLFANVSNFSYVGVQDSKAILSVQGASVSSVGSITVVAQSFRGVKANQLPVFVDRLDSASPFLSHYFPDPSVLDQELVKGVSRGMTMHAELSPQERSAMFAAIRDEVGDSKVDQVFVVDNEQFESVPEKLDVTVPVASQDHVWSMTFAPQSFVMNLLEHDSVVKQGDVVKVEMPQTGLTFSDVANVYDSLKLGVHRVQVV	3	T15P,V186R,K222D	95.84	True	True	True	True	4	CAND_009 (d=3)	0.2640
CAND_094	MYKSLVFIALLLSFTVLSAQASPLQSVQKLDGVVKAVVVDGVEGHIFAPQSFVMNLLEHDSVVKQGDVVKVEMPQTGLTFSDVANVYDSLKLGVHRVQVVGDHSLFANVSNFSYVGVQDSKAILSVLGASVSSVGSITVVAQSFRGVKANQLPVFVDRLDSASPFLSHYFPDPSVLDQELVKGVSVGMTMHAELSPQERSAMFAAIRDEVGDSKVDQVFVVKNEQFESVPEKLDVTVPVASQDHVWSMTFAPQSFVMNLLEHDSVVKQGDVVKVEMPQTGLTFSDVANVYDSLKLGVHRVQVV	1	Q127L	95.83	True	True	True	True	1	CAND_006 (d=3)	0.2673
CAND_095	MYKSLHFIALLLSFTVLSAQASPLQSVQKLDGVVKAVVVDGVEGHIFAPQSFVMNLLEHDSVVKQGDVVKVEMPQTGLTFSDVANVYDSLKLGVHRVQVVGDHSLFANVSNFSYVGVQDSKAILSVQGASVSSVGSITVVAQSFRGVKANQLPVYVDRLDSASPFLSHYFPDPSVLDQELVKGVSVGMTMHAELSPQERSAMFAAIRDEIGDSKVDQVFVVKNEQFESVPEKLDVTVPVASQDHVWSMTFAPQSFVMNLLEHDSVVKQGDVVKVEMPQTGLTFSDVANVYDSLKLGVHRVQVV	3	V6H,F155Y,V210I	95.83	True	True	True	True	2	CAND_025 (d=3)	0.2706
CAND_096	MYKSLVFIALLLSFTVLSAQASPLQSVQKLDGVVKAVVVDGVEGHIFAPQSFVMNLLEHDSVVKQGDVVKVEMPQTGLTFSDVANVYDSLKLGVHRVQVVFDHSLFANVSNFSYVGVQDSKAILSVQGASVSSVGSITVVAQSFRGVKANQLPVFVDRLDSASPFLSHYFPDPSVLDQELVKGVSVGMTMHAELSPQERSAMFAAIRDFVGDSKVDQVEVVKNMQFESVPEKLDVTVPVASQDHVWSMTFAPQSFVMNLLEHDSVVKQGDVVKVEMPQTGLTFSDVANVYDSLKLGVHRVQVV	4	G101F,E209F,F219E,E224M	95.83	True	True	True	True	17	CAND_027 (d=4)	0.2673
